name,latitude,longitude,phone,address,emergency
"Paras Hospital, Gurgaon",28.4509689,77.0875533,,,
Max Hospital,28.462841,77.0759312,,,
Prakash Hospital Pvt Ltd,28.5854878,77.3494026,,,yes
Pushpanjali Hospital,28.4508125,77.0328448,,,
Base Hospital Delhi Cantt,28.6082403,77.1366732,,,
Saint soham hospital private,28.7983668,77.0352715,,,
Dr. Indra Hospital,28.7980095,77.0354003,,,
Dr. Rajeev Hospital,28.8006984,77.0353788,,,
Bawana Dispensary,28.8012625,77.0374388,,Narela Road,
Kailash Hospital & Heart Institute,28.577404,77.3314139,0120 244 4444,H-33 Sector 27,
Delhi Heart and Lung Institute Super Speciality Hospital,28.6416777,77.2052683,,,
Indraprastha Apollo Hospital,28.5408389,77.2834999,,,yes
Ayushman Hospital,28.5965201,77.0493833,42811114,,
Govt Dispensory,28.5866431,77.0573761,25081423,,
Ayurvedic Mental Hospital,28.7237864,77.1497987,,,
Sukhda Hospital,28.5469254,77.2445375,,,
Ram Lal Kundan Lal Orthopaedic Hospital,28.6179569,77.2866841,+91 11 4318 9000;+91 11 4318 9099,,
Dr. Shyama Prasad Mukherjee Chest Hospital,28.6140205,77.2898985,,,
"Yashoda Super Speciality Hospital, Anand Vihar",28.6450931,77.3287535,,,yes
Sitaram Bhartia,28.4675077,77.0824741,,,
Sujan Mohinder Singh Hospital,28.5629027,77.2685753,,,
PHC Ujjwa,28.5702527,76.9041305,25318335,,
NMC Hospital,28.5729253,77.3402993,,,
Bhardwaj Hospital,28.5660388,77.3355783,,,
Goyal MRI & Diagnostic Centre,28.5647144,77.1893283,+91-11-40771234,B-1/12 Safdarjung Enclave,
MGS Hospital,28.6739027,77.1346394,,,
Maharaja Agrasen Hospital,28.6740586,77.1340566,,,
A One Hospital,28.67882,77.0981158,,,
Majeedia Hospital,28.5148169,77.2518253,,,
Somdatt Medical,28.6293605,77.276622,,,
Krypton Global Health,28.638646,77.0732307,,111 Guru Virjanand Marg,yes
Prime Hospital & Ortho Centre,28.4447109,77.3185979,,,
Surbhi hospital,28.6491348,77.2164415,,15 Qutab Road,
Tamish,28.699593,77.1045409,,12 Sector 22,
Unnamed,28.446227,77.0613212,01244555788,"b-1, green wood city, sector -45",
"Metro Hospital and Heart Institute, Gurgaon",28.518174,77.0388234,,,
Chandiwala Institute of Eye,28.544205,77.2659895,+91-11-4902-0242;+91-11-4902-0243;+91-11-4902-0244;+91-11-4902-0228,,
Pushpawati Singhania Hospital and Research Institute,28.53312,77.2254277,,,
Savera Hospital,28.6884962,77.1222079,,,
Gamca,28.5703187,77.2369366,,Cinema Road,
السكن,28.4460767,77.0615689,,,
Asha kiran mental hospital,28.7028126,77.0958863,,,
Unnamed,28.6438892,77.1387433,,,
Sharp Sight Center,28.6403964,77.2934473,,Vikas Marg,
Bhagat Chandra Hospital,28.5934549,77.0816478,,Dabri Road,
Adiva Hospital,28.5583994,77.2064208,,,
Guru Harkishan Hospital,28.5821004,77.2641583,,,
Sir Ganga Ram Kolmet Hospital,28.643492,77.187296,1145099999,,
Cygnus Orthocare Hospital,28.5460823,77.1973263,,,
Apollo Spectra Hospitals,28.5555937,77.2412436,,,
Max Multi Speciality Centre,28.5434575,77.214298,,,
Unnamed,28.4065208,77.3179232,,Sector - 16 A Rd,
Balhara's Le Cure Hospital,28.5097683,77.2014454,+91-011-3232-9996;+91-93109-40099,,
Mangalam Hospital,28.6228832,77.2966806,,,
Fortis C-DOC Hospital,28.5469888,77.2494873,,B-16,
Tirath Ram Hospital,28.666922,77.3178057,,,
Doctor Rajendra Prasad Centre for Opthalmic Sciences,28.5667966,77.2088857,,,
Safdarjung H back gate,28.5663672,77.207556,,,
ESIC Hospital,28.5143778,77.2815719,,,
City Hospital,28.6439995,77.1912841,,,
Rural Medical Centre,28.5158966,77.1965361,+91-11-2953-4031;+91-11-2953-6833,Khasra Number 242,
Dr. Bhimrao Ambedkar Multispeciality Hospital,28.576653,77.3376879,,,
Institute of Brain and Spine,28.5656044,77.2442543,,,
Anahat Hospital,28.4832404,77.1071305,,,
Saral Diagnostics,28.6944136,77.1287968,,Maharishi Parshuram Marg,
Sama Hospital,28.5544846,77.2270262,,8 Siri Fort Road,
Unnamed,28.4349952,77.0352265,,,
Apollo,28.5403869,77.2829628,,,
National Institute of TB and Respiratory Diseases,28.529118,77.1900425,1.13E+42,,
Narang Hospital,28.6460854,77.0980297,,,
Manchanda Hospital,28.4943675,77.1836992,,,
Paschim Vihar West,28.67852,77.0997686,,A1/10 Ground floor Rohtak Road,
World Brain Center Hospital,28.6121754,77.0886731,,,
Max Medcentre,28.5645418,77.2399229,,,
Mehta Hospital,28.523344,77.2312921,,,
Unnamed,28.6581566,77.1940384,,,
Diyos,28.5660178,77.1946519,,,
Aakash Hospital,28.5350359,77.2148651,,,
Sarvodya Hospital,28.4772418,77.0164105,,,
"Saraswati Hospital, Gurgaon",28.4686477,77.0382518,,,
"Shree Krishna Hospital, Gurgaon",28.4733303,77.003265,,,
"Sharma Hospital, Gurgaon",28.4618014,77.027472,,47/5,
Shri Balaji Hospital and Trauma Center,28.4409108,76.980076,,,
Shri Balaji`S Multispeciality Hospital,28.4577278,76.9909818,,,
Saras Hospital,28.4871984,77.3124513,,,
Arogya Dham Hospital,28.4647772,77.2990698,,,
"Anand Hospital, Gurgaon",28.42578,77.09168,,,
Navjeevan Hospital and Maternity Centre,28.4571607,77.0143104,,,
Sethi Hospital,28.4565865,77.0207731,,,
"Surgicare Hospital, Gurgaon",28.4272365,77.0940806,,,
Park Hospital Gurgaon,28.4201363,77.0487258,7503141435,,
"Sunrise Hospital, Faridabad",28.5769233,77.2660263,,,
Pasricha Hospital and Maternity Home,28.4568812,77.0222792,,,
Dayal Eye & Maternity Centre,28.4559386,77.0374082,,,
"Mittal Hospital, Faridabad",28.4088045,77.3238024,,,
Shubham Hospital,28.4567439,77.0210648,,,
"Kalyani Hospital, Gurgaon",28.4678366,77.0422697,,,
Sanskar Hospital,28.4715009,77.3204935,,,
Chandrawati Child and Maternity Hospital,28.4161414,77.3163016,,,
Uma Sanjeevani Health Centre And Hospital,28.4814867,77.0863196,,,
Privat Hospital,28.4797951,77.0746909,,Mehrauli-Gurgaon Road,
Vandana Hospital and Research Center,28.6933769,76.9256393,,,
Geeta Hospital,28.4362993,77.3144785,,,
"Shivalik Hospital, Faridabad",28.4799532,77.3110379,,,
Delhi Hospital and Nursing Home,28.6903242,76.9415506,,,
"Sidhesh Hospital, Gurgaon",28.4752436,77.0824251,,,
"Sharma Nursing Home, Faridabad",28.4012837,77.3064146,,,
Chiranjiv Hospital,28.4644545,77.0187361,,,
Asian Institute of Medical Sciences,28.4259429,77.3000225,,,
"Shivam Hospital, Jhajjar",28.7017934,76.9397205,,,
"Kalyan Hospital, Gurgaon",28.5061017,77.0222524,,,
"Sangwan Hospital, Gurgaon",28.4749937,77.0561126,,,
S.R.S. Hospital and Critical Care Unit,28.4033015,76.9881588,,,
Anand Eye Hospital,28.4269594,77.3189986,,,
Umkal Hospital,28.4715295,77.0733096,,,
Thukral Hospital,28.4814348,77.0653957,,,
"Triveni Hospital, Gurgaon",28.463775,77.022188,,207/13 Old Railway Road,
Taneja Hospital,28.4663216,77.0138611,,,
"Pushpanjali Hospital, Gurgaon",28.4500967,77.0327827,,John Hall Road,
Yashroop Medical Centre,28.4822505,77.0214477,,,
Chirag Hospital Pvt. Ltd,28.4953531,77.0114095,,,
Fortis Memorial Research Institute / Fortis Vivekanand Hospital,28.4567857,77.0728657,,,yes
"Lotus Hospital, Gurgaon",28.4692855,77.034447,,,
Aastha Children Hospital,28.4717765,77.3112819,,,
"Sparsh Hospital, Gurgaon",28.4701296,77.0226856,,,
Mangalam Hospital and Heart Centre,28.4539854,77.0139308,,,
Ahuja Hospital and Maternity Home,28.4120448,77.328397,,,
"Shivam Hospital, Gurgaon",28.4574704,77.0536983,,,
"Rajiv Memorial Eye Infirmary, Jacobpura",28.4624763,77.0276631,,14/5,
Brahm Shakti Sanjivani Hospital Pvt Ltd,28.6909441,76.9388317,,,
"Sneh Hospital, Gurgaon",28.4823666,77.0141546,,,
Ayushman Hospital And Trauma Centre,28.4379095,77.0110461,,,
Aryan Hospital,28.469559,77.0195045,,,
Rama Hospital & Nursing Home,28.4567256,77.0230785,,,
Jain Sant Phool Chand Ji Charitable Hospital,28.4771569,77.0158929,,,
Abhinav Hospital,28.4104443,77.2921107,,,
Kathuria Hospital,28.4534132,77.0199907,,,
Tirath Ram Hospitals Pvt Ltd,28.457085,77.0201597,,,
"Mission Hospital, Jhajjar",28.6877184,76.9524703,,,
Sakthi Kerala Ayurvedic Treatment Centre,28.4162852,77.3112387,,,
Lall Nursing and Maternity Home,28.4667802,77.027307,,,
"Centre For Sight, Gurgaon, New Railway Road",28.4682869,77.0260289,,,
"Satyam Hospital, Gurgaon",28.4609572,77.0180051,,,
Valencia Emergency and Criti Care,28.4802878,77.3143262,,,
Dr Sethis Amar Hospital,28.8795874,76.9109662,,,
Aar Pee Hospital,28.4284301,77.3165712,,,
Ahooja Eye and Dental Institute Hospital,28.4639141,77.0305404,,,
Lall Eye Care Centre,28.4667015,77.0272123,,,
Verma E.N.T. Hospital,28.4652069,77.0280714,,,
"Gupta Hospital, Gurgaon",28.4644246,77.0268832,,,
Jackson Hospital,28.4691487,77.0286816,,,
"Apollo Cradle Hospital,Gurgaon",28.4786458,77.0474356,,,
Sukhmani Hospital Pvt. Ltd,28.4342254,77.0481464,,,
"R K Hospital, Gurgaon",28.4930865,77.0088346,,,
"Parijat Hospital, Faridabad",28.4429744,77.3043148,,,
Pdm General Hospital / Pd Memorial General Hospital,28.6894112,76.8908188,,,
Kamla Hospital,28.446446,76.9915827,,,
M Goel Hospital,28.4675082,77.027738,,,
Sunrise Hospital,28.4428341,77.0106183,,,
Rajendra Hospital,28.4495431,77.0211279,,,
Sri Rattan Singh Memorial Hospital,28.7053628,76.9377212,,,
Kriti Hospital,28.4249603,77.093567,,,
"Centre For Sight, Faridabad",28.4116998,77.3148374,,,
"Jeevan Jyoti Hospital, Gurgaon",28.4763789,77.0350291,,,
Dr.Dilip Hospital,28.4321321,77.3191256,,,
"Aastha Hospital, Bahadurgarh",28.6886312,76.9342183,,,
Samvit Health Care,28.4350285,77.0351672,,,
"Yadav Hospital, Gurgoan",28.4432185,77.0031618,,,
Arogyadham Hospital,28.4636559,77.2924554,,,
Nangia Hospital Ent and Maternity,28.4558195,77.0218735,,,
Anuj Hospital,28.4159768,77.3209988,,,
"Jeevan Jyoti Hospital, Jhajjar",28.6892159,76.9476253,,,
Vinayak Hospital,28.4543386,77.0214859,,,
Arunodaya Deseret Eye Hospital,28.4277743,77.1087643,,,
Lord Krishna Hospital,28.4785067,77.0854291,,,
Dr Fateh Singh Hospital,28.6471512,77.3412971,,,
Mata Sumitra Devi Hospital,28.5779214,77.0239288,,,
Arihant Hospital,28.4486051,77.0824411,,,
Brighton Kavita Hospital,28.4339836,77.3208117,,,
Ahmed Hospital Multi Speciality,28.4580332,77.0412478,,,
Aarvy Hospital,28.457393,77.0300911,,530/18,
Shri Ram Memorial Hospital,28.4936346,77.099508,,,
Lohan Children Hospital,28.4013325,77.3058261,,,
K.B Hospital,28.4169126,77.2903019,,,
Sikka Maternity And Surgical Center,28.4784222,77.0991004,,,
Vaishnavi Nursing Home,28.4385723,77.0131141,,,
"Mamta Hospital, Gurgaon",28.469724,77.0338102,,,
M.S Hospital,28.4640593,77.0218559,,Old Railway Road,
Parnami Ortho and Spine Hospital,28.8793596,77.1211427,,,
Bhardwaj Hospital,28.4901894,77.0068324,,,
"Jeewan Jyoti Hospital, Faridabad",28.4020269,77.324825,,,
Parashar Hospital,28.4539324,77.0204298,,,
Carewell Hospital,28.4339848,77.3211242,,,
Chandni Hospital,28.4163407,77.3197979,,,
Vandana Surgical and Maternity Home,28.4100982,77.2920538,,,
"Government District Hospital, Gautam Buddha Nagar",28.5770068,77.3394731,,,
Gopal Hospital,28.7258364,77.2893602,,,
Aasha Deep Hospital,28.6875033,77.3394397,,,
S.S. Medicare Centre,28.6661429,77.3310229,2622923,,
Icare Eye Hospital And Post Graduate Institute Glaucoma Research Centre,28.5799524,77.3355089,,,
R K Medicare,28.6267789,77.3483944,,,
Getwell physiotherapy center,28.6921759,77.3416096,,,
Sparsh Multispeciality Hospital,28.6927335,77.3397857,,,
"Meenakshi Hospital, Ghaziabad",28.642142,77.3257148,,,
Vinayak Hospital,28.5711965,77.3280893,,,
"Tewari Eye Centre, Vaishali",28.6463402,77.3470599,,,
Dharampal Memorial Hospital - Ghaziabad,28.7486784,77.2862246,,,
Sarvodaya Hospital and Trauma Centre,28.6449508,77.3391154,,,
"Shivam Hospital, Gautam Buddha Nagar",28.6098891,77.3467249,,,
Ajit Surgical and Maternity Centre,28.5982422,77.3389501,,,
Metro Heart Institute and Metro Multi Speciality Hospital,28.5974067,77.336034,,,
Diveeksha Eye clinic,28.5830991,77.3351213,,"E 149,SECTOR 20 SECTOR 20",
Max Hospital,28.5742086,77.3229977,,,
"Apollo Hospitals , Noida",28.5794754,77.3349001,,,
"Parakh Hospital, Ghaziabad",28.6934335,77.3396918,,,
Pulse Medicare,28.6405677,77.3412821,,,
City Hospital - Ghaziabad,28.7387381,77.3143986,,,
Metro Hospitals and Heart Institute (Cardiology Wing),28.5973899,77.3379467,,,
Swami Nand Lal Jee Hospital Pvt Ltd,28.6937758,77.3447263,,,
Indo Gulf Hospital & Diagnostics,28.5771885,77.3272443,,,
Vaishali Health Clinic,28.6376181,77.3385546,,,
City Hospital,28.596142,77.343176,,,
"Kamal Hospital, Ghaziabad",28.6446849,77.3253943,,,
Metro Hospital and Heart Institute,28.5647231,77.2437868,,,
AIIMS Emergency,28.567441,77.2096335,,,yes
CRPF Composite Hospital,28.6390663,76.9572897,25315363,,
Doctor Grover's Nursing Home,28.6284133,77.1469129,,,
Sushruta Trauma Centre,28.6797783,77.2283852,1123983011,,
Bharti Nursingh Home,28.5874217,77.0702439,25075530,,
Dr B R Sur Homoeopathic Medical college and Hospital,28.5862718,77.1684265,011-24105298,,
Orthoplus Hospital,28.6139007,76.976352,28012195,,
"Vardhman Mahavir Medical College (VMMC) & Safdarjung Hospital, New Delhi",28.5685701,77.2064068,011-26707282; 011-26265060,,
Prem Chiktsa Kendra,28.5739982,77.1773627,011-26195636,,
Shree Dhanvantri Hospital,28.6121179,76.9756046,66358310,,
Kalawati Saran Children's Hospital,28.6357652,77.2110664,011 2334 4147,,
"Sports Injury Centre, Safdarjung Hospital (Part of SJH), New Delhi",28.5681531,77.2054264,011-26181908,,
Maulana Azad Institute of Dental Sciences,28.6371532,77.236999,1123239279,,
Divya Prastha Hospital,28.5862424,77.0875445,2536 5960,,
Attar Sain Jain Hospital,28.6821792,77.1502237,1127188342,,
Satyawadi Raja Harish Chander Hospital,28.840596,77.1032565,1127787304,,
Charak Palika Hospital NDMC,28.5853147,77.1770243,011-24156218,,
Kesar Nursing Home Dabri,28.6089466,77.1008845,28523683,,
Chacha Nehru Bal Chikitsalaya,28.653163,77.268342,1121210215,,
Maharishi Valmiki Hospital,28.775826,77.048597,1127761522,,
Medeor Hospital,28.5964391,77.0457328,4822 2222,,
Shakuntla Nursing Home Sagarpur,28.6081283,77.0952919,25383171,,
Malik Maternity Home and Surgical Centre,28.6154991,76.982911,25324692,,
"Government Hospital, Jawalapuri",28.674566,77.080093,25266491,,
Central Hospital (Northern Railways),28.6365867,77.2173905,011- 2334 4092,,
Singhal Hospital Palam Colony,28.5882997,77.0887312,25055191,,
Doctors Diagnostic Centre Najafgarh,28.6145619,76.9844782,2501 4099,,
Lady Hardinge Medical College & Associated Hospitals,28.634138,77.212909,1123363728,,
Free Maternity & Child Welfare Centeri,28.6472649,77.2308534,+91 23272611,3870 Sarak Prem Narain,
Kaya Kalp Hospital,28.7305663,77.2100401,011-27614600,,
Sunder Lal Jain Eye Hospital,28.6495013,77.2098206,1123671231,,
Aman Medical Centre,28.5216502,77.1812935,011 2664 5113,,
Navjeevan Nursing Home,28.653289,77.2780809,011-22547684,,
Kasturba Hospital,28.649831,77.2359282,23275023,,
Mayur Medicare Center,28.6060579,77.2933797,,,
Sukhmani Hospital,28.5597233,77.2005001,011 2619 4000,,
Vardaan Hospital,28.5372268,77.2149447,26689911,,
VMMC & SAFDARJANG HOSPITAL,28.5686672,77.2067292,1126165060,,
Leekha Nursing Home,28.5520278,77.2080381,2659203,,
Kukreja Hospital,28.6092197,77.2948507,,,
Bhagwati Hospital,28.5241613,77.1788654,011 2664 3304,,
Sparsh Mother & child care hospital,28.6801482,77.1945449,1123853011,,
Medeor Hospital,28.5374555,77.1810712,47667100,,
NGO Lok Kalyan Samiti,28.629808,77.2387009,23235505,,
Parmarth Mission Hospital,28.6810176,77.1979673,011-23842300,,
Aruna Asaf Ali Government Hospital,28.6697661,77.2178501,23965532,,
Raj Rani Hospital,28.6138358,77.3233982,,,
Dr. N. C. Joshi Memorial Hospital,28.6529654,77.1994853,011-2362 2498,,
Malhotra Nursing Home,28.6197989,77.3039095,,,
Shree Jeewan Hospital,28.6579998,77.1943948,23511474,,
Mohan Eye Institute,28.6431266,77.1906871,1125787655,,
Navjoyti Eye Centre,28.6435226,77.2424612,23280018,,
Mahesh Hospital,28.6264544,77.3023362,,,
Jag Pravesh Chandra Hospital,28.6764665,77.262937,22184453,,
Healing Touch Hospital,28.5427709,77.2073754,011 4727 2800,,
Gouri Hospital Ltd,28.6796305,77.20819,011-23854735,,
Malik Nursing Home,28.6094473,77.3343703,,,
Sanjivini Nursing Home,28.6814911,77.2007198,011-23843234,,
Sharma Medical Center,28.6494565,77.209831,011-23651395,,
Sunil Hospital and Nursing Home,28.5358718,77.2091623,1126680247,,
Mohan Nursing Home & Hospital,28.702744,77.267766,22914478,,
Vibhu Nursing Home,28.5347579,77.2083916,2668 3681,,
Satyam Medical Centre,28.5412998,77.1864475,1141688372,,
Tirath Ram Shah Hospital,28.6708223,77.2162565,1123972487,,
Sankhwar Hospital,28.6151295,77.3237989,,,
Neera Eye Centre,28.6424432,77.2427645,1123270775,,
Mahavir International Eye Hospital,28.6598583,77.2157522,1123510770,,
Nazar Kanwar Surana Hospital,28.6752381,77.1907591,011-23640951,,
Savitri Hospital,28.686033,77.1471281,,,
MH Haiderpur,28.7235001,77.1515703,27492760,,
Kuber Hospital,28.6900528,77.1357109,27352931,,
Children & Maternity Centre,28.7334154,77.1261114,27852066,,
"Max Multi Speciality Centre, Pitampura",28.6931702,77.1517793,+91 47351844,,
Dr BD Attam Hospital and Medical Research Centre,28.6960546,77.1734959,27220564,,
Fortis Bloom,28.5287785,77.2437938,,,
Gupta Nursing Home,28.6759254,77.2876085,22322218,,
Kamaal Nursing Home,28.6798998,77.2718597,2219 8308,,
Muni Maya Ram Jain Hospital,28.700019,77.141187,27317401,Pitampura,
jp memorial,28.6845119,77.3296536,22354050,,
Medha Hospital,28.7045697,77.1449278,27323960,,
Sai Charitable Dispensary & Nursing Home,28.6893425,77.3003113,22584220,,
Saroj Hospital,28.7061564,77.1290461,27903333,Nr Madhuban Chowk,yes
MCD Maternity Government Hospital,28.7113776,77.1176777,27044007,,
Arora Nursing Home,28.7141757,77.1528872,27488756,,
Jiwan Charitable Hospital,28.6897352,77.0858096,27916689,,
Karala Government Hospital,28.7321173,77.037425,,,
Government Hospital,28.668361,77.277492,,,
Jeevan Jyoti Hospital,28.5223738,77.2855634,011-26811400,,
Chandiwala Hospital Shahdara,28.6750114,77.2904545,22597918,,
Upchar Nursing Home,28.6975051,77.1772633,27210012,,
Talwar Medical Centre,28.5363921,77.2441716,1143794200,,
Manav Medicare Centre,28.5706874,77.2199599,011 2469 0655,,
Kesar Hospital,28.7059502,77.1644781,27472002,,
st. stephen hospital,28.6939954,77.3171197,23956123,,
Garg Nursing Home,28.6790286,77.157259,27392112,,
Santom Hospital,28.7140205,77.1383483,+91 11 2756 1024,,
"Manna Clinic & Maternity Home, Rani Bagh",28.6857157,77.1315855,27022763,,
Prashant Nursing Home,28.7148991,77.1326764,27564555,"Kalratri Mata Road, Prashant Vihar, Rohini Sec 14",
Sai Drishti Maternity Centre,28.7313713,77.1251957,,,
IG ESI Hospital,28.6665856,77.3111297,22151329,,
Hakeem Abdul Hameed Centenary Hospital,28.5149753,77.2519382,,,
Vallabh Hospital,28.5323573,77.2659687,,,
Red Cross Hospital Society Mat. Welfare and Child Care Hospital,28.678117,77.3225828,22118752,,
Phoenix Hopsital,28.5500671,77.2440346,011 4686 3800,,
Rashmi Hospital,28.7025469,77.1473691,,,
Bhagwan Mahavir Super Speciality Hospital,28.7057477,77.1294721,+91-11-2755-0441;+91-11-4993-4042,Bhagwan Mahavir Marg Rohini,
Jhamb Maternity and Medical Centre,28.7090339,77.1540084,27476609,,
Capital Eye Centre,28.6874142,77.1928254,27450440,,
Bhagwati Hospital,28.7191521,77.1295373,27868935,,
Tondan hospital,28.6664871,77.3207024,22152947,,
Primary Urban Health Centre Cum Maternity Home & Poly Clinic,28.513195,77.2652745,,,
North Delhi Nursing Home,28.696547,77.179557,27422131,,
shanti nursing home LLP,28.6779567,77.2825741,22821629,,
Banarsidas Chandiwala Insitute of Medical Sciences,28.5441942,77.2676793,011 40116138,,
Family Hospital,28.7013032,77.0983471,27517874,,
Kumar Medical & Maternity Centre,28.7041641,77.160742,27479410,,
Parivar Sewa Sansthan,28.5672773,77.2473565,,,
MCW Sewa Nagar,28.577053,77.226043,,,
Brahm Shakti Hospital,28.712357,77.081262,27537967,,
Sona Maternity and Nursing Home,28.6656992,77.2906128,2230 1366,,
DGD Vivek Vihar,28.6696193,77.3190619,22151292,,
D.R. Nursing Home,28.6963486,77.1730105,27229394,,
Netrayatan Hospital,28.5299782,77.2451946,011 - 2921 2828,,
MCW Giri Nagar,28.540349,77.262854,011-26293641,,
Kanta Sethi Hospital,28.7012483,77.0988184,27525262,,
Delhi Common Wealth Women Association,28.5556776,77.2369473,011-29237878,,
Kalyan Nursing Home,28.6814958,77.3283939,22351292,,
best care hospital,28.68452,77.3278636,22354132,,
Maheshwari Hospital,28.7122011,77.1419875,27341460,,
Airforce Hospital,28.4353706,77.0234423,,,
Government Hospital Feroj Pur Bangar,28.83005,76.982361,,,
GH Gurgaon,28.474246,77.027117,,,
Civil Hospital Bahadurgarh,28.696657,76.923954,,,
Civil Hospital Kanonda,28.7660711,76.9308597,7027814809,,
Civil Hospital Sisana,28.897556,76.8540451,,,
"Esic Hospital, Gurugram",28.4681022,77.0013592,,,
Government Hospital Chirodi,28.7792015,77.3337869,,,
NDMS Park,28.4851071,77.1938033,,,
PGH Hospitals,28.636193,77.048981,,,
Sanjivani Hospital,28.674249,77.0502678,,,
Saraswati Hospital and Laproscopic Centre,28.626424,77.009835,,,
Kalra Hospital,28.6551825,77.1387304,,,
MKW Hospital,28.6392919,77.119633,,,
UK Nursing Home,28.634107,77.076458,,,
Goyal Hospital,28.6616551,77.0853346,,,
Aakash Healthcare Super Speciality Hospital,28.6054061,77.0535572,,,
Care n Cure 24,28.653375,77.0726925,,,
Sunand Hospital & IVF Centre,28.618746,77.0480879,,,
Medstar Hospital,28.6590574,77.0907424,,,
Karuna Sindhu Charitable Hospital,28.6557378,77.0163489,,,
Government Ayurvedic Hospital,28.6635722,77.1458797,,,
Kiran Das Charitable Hospital,28.6524161,77.0617704,,,
Apollo Cradle Maternity & Children's Hospital,28.6617972,77.1503029,,,
Satyabhama Hospital,28.6769478,77.0634761,,,
Dashmesh Hospital,28.6304061,77.0988531,,,
Sumiti Vishal Charitable Hospital,28.6137065,77.044482,,,
Gandhi Hospital,28.6200029,77.0535384,,,
Khetarpal Hospital,28.652562,77.130018,,,
Hardik Hospital,28.6367362,77.0532022,,,
Mata Chandana Devi Hospital,28.635321,77.0539739,,,
R. Nayyar Hospital,28.6203861,77.0431588,,,
Bagga Nursing Home,28.660249,77.090997,,,
Rao Raghubir Hospital,28.6750507,77.0610089,,,
Surya Laxmi Hospital,28.6322953,77.0499201,,,
Kanojia Hospital,28.6262562,77.012034,,,
Rathi Hospital,28.6514885,77.0315432,,,
Sodhi Nursing Home and ENT Hospital,28.6702118,77.087877,,,
Nijhara Hospital,28.646316,77.165748,,,
Mehra Hospital,28.6711074,77.1276492,,,
Sonia Hospital,28.682627,77.0524348,,,
JankiDas Kapur Memorial Hospital,28.649171,77.151169,,,
Sehgal Neo Hospital,28.658057,77.09143,,,
Mahindru Hospital,28.6206121,77.0495632,,,
Arya Hospital,28.6172035,77.0794442,,,
RLKC Hospital,28.6510947,77.1546934,,,
SR Krishna Hospital,28.61641,77.047023,,,
Bhatia Global Hospital,28.6655435,77.08244,,,
Satya Multi Speciality Hospital,28.6268253,77.039392,,,
Asha Hospital,28.6365818,77.0516082,,,
Jeevan Jyoti Hospital,28.6190592,77.0466915,,,
Bala Ji Hospital,28.6334854,77.0558285,,,
Shri Mahant Gurmukh Singhji Charitable Hospital,28.6739475,77.1352525,,,
R.R.Hospital,28.6278418,77.0126848,,,
Sanjeevani Maternity & Children Hospital,28.6222392,77.0390502,,,
Konarc Hospital,28.6773715,77.0638665,,,
Santosh Hospital,28.6789124,77.0502929,,,
Care New born & Child Hospital,28.6674155,77.1155597,,,
Tarak Hospital India Private Limited,28.619298,77.030036,,,
Jainar Hospital,28.660601,77.0907507,,,
Khushi Hospital,28.607392,77.0491427,,,
Amit Nursing Home,28.6340005,77.1095894,,,
Nanak Darbar Charitable Hospital,28.6520769,77.0615293,,,
Mata Chanan Devi Hospital,28.618749,77.078224,,,
Lotus Hospital,28.626739,77.110763,,,
Aashirwad Nursing Home,28.6379887,77.0520031,,,
Sumitra Hospital,28.6734516,77.1240716,,,
Asi Hospital,28.6561778,77.1334074,,,
Matrchaya Child Care,28.665228,77.08128,,,
Sanchet Hospital,28.6700151,77.0885037,,,
Mata Roop Rani Maggo Hospital,28.6211011,77.0502551,,,
Sai Nursing Home,28.621501,77.081707,,,
Governmentt Eye Hospital,28.6697864,77.0646877,,,
"Goyal Hospital, Nilothi",28.6527464,77.0707603,,,
Gaudham Cancer Ayurvedic Treatment & Research Center,28.67286,77.130852,,,
SRG Hospital,28.6496187,77.0296634,,,
B.M. Gupta Hospital Pvt. Ltd.,28.6195378,77.0613682,,,
Kamlesh Nursing Home,28.6699638,77.0886996,,,
Shubh Nursing Home,28.635346,77.0566637,,,
Sushruta Maternity And Surgical Centre,28.6587906,77.0903999,,,
Dwarika Medicare & Maternity Centre,28.6148521,77.0490279,,,
Jasrotia Hospital,28.6237693,77.1157209,,,
Sanjivani Gynec & Children Hospital,28.6242925,77.0390494,,,
Genesis Hospital,28.620674,77.08125,,,
Ardent Ganpati Hospital,28.6819483,77.0387679,,,
Dhruv Hospital,28.6890276,77.0857544,,,
Dr Suresh Garg - Eye & Laser Hospital,28.671097,77.110835,,,
Mansaram Hospital,28.6723615,77.0588003,,,
Gendox Hospital,28.519682,77.1733997,,,
Vashishta Clinics & Hospital,28.5352441,77.2079327,,,
Sabharwal Hospital,28.6443841,77.2385497,,,
Sunrise Healthcare Centre,28.5452411,77.3001922,,,
Dehli Hospital,28.6418873,77.2450734,,,
Apollo Spectra Hospitals,28.6583838,77.1936638,,,
Luv Kush Hospital,28.724975,77.2687617,,,
K.R. Hospital,28.5074677,77.1848394,,,
Neptune Hospital,28.5324257,77.2026545,,,
Lal Hospital,28.7025443,77.2832977,,,
Alshifa Multispeciality Hospital,28.5570997,77.2929324,,,
Kalindi Hospital,28.5408332,77.2958778,,,
Vasist Hospital,28.701646,77.280317,,,
Orthostar Hospital,28.5083921,77.2314148,,,
Behl Hospital,28.6243272,77.1367669,,,
Yogmaya Multispeciality Hospital,28.4943274,77.1833094,,,
Dr Chaudhry's Moral Hospital,28.7023722,77.2724415,,,
RK Hospital,28.5034403,77.2480077,,,
Lions Kidney Hospitals,28.571321,77.274224,,,
Taravati Hospital,28.628851,77.300537,,,
Panchsheel Hospital,28.7017,77.279607,,,
Jai Maa Tara Hospital,28.6738845,77.1800003,,,
Viola Hospital,28.5588756,77.2942198,,,
Safdarjung Hospital,28.5773794,77.1774582,,,
BSF Hospital,28.5109301,77.2407796,,,
Bal Kishan Memorial Hospital,28.5118287,77.2346317,,,
Neha Hospital,28.7196717,77.2658014,,,
L.D. Hospital,28.5004025,77.3232801,,,
Triveni Hospital,28.7207367,77.2666955,,,
Kunj Eye Hospital,28.500025,77.237142,,,
Virmani Hospital,28.619588,77.3012574,,,
Faraz Hospital,28.5464875,77.3005748,,,
Aashlok Hospital,28.566466,77.198976,,,
Vinod Karhana Hospital,28.712504,77.2626857,,,
Curewell Hospital,28.6651197,77.1952107,,,
National Hospital,28.507902,77.2494122,,,
Sawan Neelu Angel's Multispeciality Hospital,28.522116,77.215201,,,
Muskan Hospital,28.6919851,77.2548371,,,
Arpan Hospital,28.5104176,77.2374101,,,
Asian Samra Multi Speciality Hospital,28.701808,77.278726,,,
Iqbal Faizy Hospital,28.5561387,77.2893706,,,
Vikas Hospital,28.5193612,77.1743007,,,
Base Hospital,28.5095632,77.2486514,,,
Batla Hospital,28.56701,77.2843026,,,
AIIMS Urban Health Centre,28.5221871,77.242704,,,
Silver Line Nursing Home,28.6228036,77.2959726,+91 70489 95140,,
Cribs Hospital,28.543241,77.300456,,,
Dr. Sunder Lal Memorial Hospital,28.5063405,77.231747,,,
Kavita Poly Clinic & Hospital,28.7261791,77.2704213,,,
Sanjeevan Hospital,28.6412816,77.2429413,,,
Jeewan Hospital,28.643625,77.188255,,,
Bhagat Hospital,28.6085331,77.1060923,,,
Mavi Hospital,28.7134013,77.263533,,,
Sri Guru Nanak Charitable Hospital,28.629893,77.146723,,,
Guru Harkrishan Hospital,28.581479,77.261959,,,
Aarogya Hospital,28.6413801,77.2863392,,,
Bansal Hospital,28.563833,77.271553,,,
Apex Citi Hospital,28.6265513,77.3019477,,,
Adarsh Hospital,28.535139,77.2223229,,,
ECHS Polyclinic Hospital,28.5095465,77.2545063,,,
Dhan Devi Charitable Hospital,28.5253365,77.2363897,,,
White House Hospital,28.7018331,77.2784256,,,
Delhi ENT Multispeciality Hospital,28.539926,77.292145,,,
Khadija National Hospital,28.6437984,77.2381596,,,
Apex Hospital,28.5001805,77.1843915,,,
Balak Ram Hospital,28.5114808,77.202496,,,
Nature Care Hospital,28.7618377,77.1871469,,,
Raj Poly Clinic Hospital,28.6989183,77.0530355,,,
Jain Muni Roshan Lal Charitable Hospital,28.6751133,77.162161,,,
Chouhan Hospital,28.8260731,77.1760006,,,
Sinha Hospital,28.6124178,76.9931022,,,
Nirmal Hospital,28.820678,77.173096,,,
Rohan Hospital,28.629752,77.002263,,,
Dr. Meena Indra Hospital,28.7984412,77.0356652,,,
Indus Valley Hospitals,28.6136472,76.9909557,,,
Naman Hospital,28.85958,77.101773,,,
Pearl Hospital,28.5959686,76.9916517,,,
Kesar Hospital,28.695522,77.0591,,,
Shree Hospital,28.5982541,77.041201,,,
Devansh Hospital,28.7501926,77.0825296,,,
Hitaishi Hospital,28.7057013,77.1225618,,,
Dispensary Child Welfare Centre,28.6887375,77.1330548,,,
Vishwakarma Hospital,28.6110344,76.9735825,,,
Airmid Hospital,28.7449013,77.144869,,,
Gahlot Hospital,28.704823,77.043677,,,
Sanjeevani Hospital,28.851102,77.085381,,,
ESI TB Hospital,28.735014,77.1401182,,,
Navjeevan Hospital,28.6948742,77.1088735,,,
Bm Hospital,28.6184538,77.0658712,,,
Delhi Global Hospital,28.7449215,77.1431698,,,
Choudhary Hospital,28.6900075,77.1481284,,,
Narayani Hospital,28.6122422,76.9798637,,,
Sunil Memorial Nursing Home,28.5873313,77.0846422,,,
Sudarshan Hospital,28.845479,77.089664,,,
Saransh Hospital,28.6887151,77.1324657,,,
Jeevandan Hospital,28.6952239,77.0549322,,,
Manipal Hospitals,28.5929199,77.0637613,,,
Sant Soham Hospital,28.7974008,77.033424,,,
Clifton Springs Hospital,28.6005702,76.9885337,,,
Surya Kiran Hospital,28.6138396,76.9923106,,,
Jeevan Daan Hospital,28.698019,77.054191,,,
Ardent Hospital,28.5869919,77.0859526,,,
Dr. Rakesh Multispeciality Hospital,28.8402532,77.0822963,,,
New Heera Hospital,28.6130081,76.9887306,,,
Shanti Mohan Hospital,28.852043,77.082868,,,
Marg Hospital,28.6997775,77.0513459,,,
Dwarka Heart Centre,28.5995579,77.0436777,,,
Kalpavriksh Super Speciality Center,28.5978809,77.0351429,,,
Maujiram Lions Eye Hospital,28.837695,77.1797456,,,
Skylife Multispeciality Hospital,28.7497815,77.1430972,,,
Naturopathy Hospital,28.7272273,77.1431096,,,
Vikas Hospital Private Limited,28.610754,76.980957,,,
City Health Hospital,28.6105806,76.9735567,,,
Shri Sanjivani Hospital,28.6080273,76.9857721,,,
Tyagi Hospital,28.6912301,77.0902773,,,
Ortho Care Hospital,28.613246,76.991315,,,
Avantika Multispeciality Hospital,28.6979066,77.1085167,,,
Aastha Hospital,28.7327628,77.1416494,,,
Shri Multan Sewa Samiti Eye Care Hospital,28.6942651,77.1302581,,,
Ayushman Hospital,28.5881804,77.0596665,,,
Shree Balaji Hospital,28.7985051,77.0352927,,,
Ishan Hospital,28.7336313,77.1397543,,,
City Hospital 42,28.7457338,77.1445171,,,
Aryan Hospital,28.7999135,77.0364781,,,
Vinayak Hospital,28.6985342,77.1870961,,,
Bhagat Chandra Hospital,28.6051867,77.0984624,,,
Aggarwal Nursing Home,28.6766024,77.1804445,,,
Shradha Multi Speciality Hospital,28.856633,77.088436,,,
Rosewood Hospital,28.610136,76.992631,,,
Jackson Hospital & Research Centre,28.7375325,77.121294,,,
Orchid Hospital Maternity and Heart Centre,28.614656,77.0874447,,,
Ekta Hospital,28.74831,77.1405079,,,
O.P. Memorial Hospital,28.6992105,77.0965459,,,
Foji Hospital,28.6133491,76.9760625,,,
Arogya Care,28.6958743,77.0588261,,,
Apaar Nursing Home,28.614442,77.071139,,,
Dwarka Hospital,28.6166831,77.0316366,,,
Savitri Hospital,28.7353344,77.0128194,,,
Bawasher Hospital,28.6742139,77.1761804,,,
Budhho Devi Hospital,28.843007,77.0913617,,,
Kalyani Hospital,28.6132186,76.9876459,,,
Dhanwati Hospital,28.6123667,76.9686781,,,
Janki Hospital,28.6058663,76.987173,,,
Angel Agastya Multi Speciality Hospital,28.5870577,77.0857082,,,
Jay Hospital,28.6085349,76.9861235,,,
Deepan Hospital,28.5300327,77.0848898,,,
Sunrise Hospital,28.730694,77.133406,,,
Sushila Hospital,28.8596954,77.08365,,,
Shiv Jivodaya Janta Hospital,28.844519,77.087491,,,
Dwarka New Born and Child Hospital,28.6194069,77.0291453,,,
Lifeline Hospital,28.5941071,77.0426925,,,
Chander Leela Hospital,28.6186477,77.0623437,,,
K R Gangwal Hospital,28.8576922,77.1070231,,,
Nirmala Hospital,28.6312194,77.0015182,,,
Kukreja Hospital,28.696354,77.053765,,,
New Rohini Hospital,28.6995752,77.0963422,,,
Samarpan Multispeciality Hospital,28.8427173,77.0884491,,,
Sanjevani Hospital,28.6052388,76.9874092,,,
Sanjeevan Surgical Centre,28.6992877,77.0962764,,,
Janta Hospital,28.8416834,77.077561,,,
Nirvana Hospital,28.731172,77.1332663,,,
Dharam Devi Hospital,28.425512,77.316081,,,
Qrg Hospital,28.4162674,77.3189551,,,
Lala Diwan Chand Charitable Hospital,28.4804539,77.3143648,,,
Nawal Hospital,28.8718637,77.1202225,,,
St Stephen's Hospital Health Care Facility,28.485499,77.104817,,,
Children Hospital,28.4750562,77.0348668,,,
Gautam Hospital,28.442666,77.008965,,,
Lal Superspeciality Hospital,28.4577794,77.016731,,,
Shri Gobind Hospital,28.4580095,77.0164047,,,
Government Dispensary,28.6705615,77.1511902,,,
DGD Prem Nagar,28.66261,77.1624729,,,
Kelvin Diagnostics,28.6625223,77.1417334,,,
Gyanchandra Joshi Ayurvedic Hospital,28.662511,77.144284,,,
DR CHOPRAS SPINE JOINT SOLUTIONS INDIA - joint replacement doctor in west Delhi,28.6581639,77.1421631,,,
Guru Ram Dass Charitable Hospital,28.6376807,77.1125936,,,
Arvind Medicare,28.6311711,77.2170294,,,
General Williams Hospital,28.6267808,77.2182706,,,
Max Superspeciality Hospital,28.6346135,77.3330229,,"W-3 Near Radisson Blu Hotel, Sector 1, Vaishali",
DR KAPOOR'S Dental Care and Implant Centre,28.5095465,77.0450085,,"House No 3425 Sector 23, Near Gate No 3",no
Unnamed,28.5391557,77.282953,,"UNIT - 209, 2ND FLOOR, U.S. COMPLEX, OPP. APOLLO HOSPITAL,120, MATHURA ROAD",
Sanjay Gandi Hospital,28.6337619,77.1700493,,,
Aggarwal Dharmarth Hospital,28.6812368,77.1976619,,,
Om Prem Charitable Hospital,28.6317452,77.3498755,,,
"Delhi City, Medical",28.6559519,77.2811441,,,
Indraprastha Apollo Hospital,28.5408159,77.2835195,,"Indraprastha Apollo Hospital, Mathura Rd, Jasola Vihar",
SCI IVF Hospital,28.5495245,77.2337844,,,
HAH century hospital,28.5128503,77.2513477,,Guru Ravidas Marg,yes
Chaudhary Braham Prakash Ayurvedic Charak Sansthan,28.5721366,76.9336152,,,
Unnamed,28.6134172,76.9951114,,,
ESI hospital,28.4682563,77.0013092,,Sector 9A,
HOD Karkardooma - House Of Diagnostics,28.6470935,77.3020999,,15 Hargovind Enclave,no
HOD Ashok Vihar - House Of Diagnostics,28.6956326,77.1874885,,B52 GT Karnal Industrial Area,no
HOD Rajouri Garden - House Of Diagnostics,28.6484714,77.1204602,,A19 Vishal Enclave Shivaji Marg,no
al-shifa,28.5570345,77.2929977,,,
Oncoplus Hospital,28.5697622,77.2267424,,,
SITE,28.5764608,77.0675724,,,
Vardayani Charitable Multi-Speciality Hospital,28.7221086,77.171616,,C-33 Shah Alam Bandh Marg Adarsh Nagar,
Anand Maya Multi Speciality Hospital,28.7299137,77.1600821,,,
Mahajan Hospital,28.7183028,77.1710383,,,
Parnami Orthopaedic Hospital,28.7136327,77.1734502,,,
Shanti Kumud Hospital,28.7176383,77.1701132,+91-11-4583-1122;+91-11-4580-5566,A-8 Adarsh Nagar,
Guru Harkrishan Polyclinic Bangla Sahib,28.6267693,77.2092035,011 23340171,,
ESIC Hospital,28.7273448,77.126818,,,
Patel Hospital,28.6308656,77.2783314,,,
JNU Health Centre,28.5495066,77.1676082,,,yes
Hans Charitable Hospital,28.7002703,77.2083671,,,
Jain Hospital,28.4284279,77.058622,,,
Marengo Asia Hospitals,28.4153658,77.3189995,,,
KK SURGICAL CENTRE,28.6925868,77.292098,,,
TYGAI DIAGNOSTIC CENTER,28.6913354,77.2913592,,,
INDIAN BAGHEERA VETERINARY HOSPITAL,28.6944964,77.2921256,,,
BHARAT VIKAS PARISHAD(FREE EYE CAMP),28.6885897,77.2917846,,,
MIND BRAIN & MENTAL HOSPITAL,28.6904216,77.2916753,,,
Unnamed,28.7361467,77.2977806,,,
MAHALAKSHMI HOSPITAL,28.6892732,77.2986283,,,
DUKH NIWARAN MEDICAL CENTER,28.6865598,77.2902512,,,
supreme hospital,28.4910033,77.2911674,,,
Unnamed,28.735724,77.2886859,,,
Aakash Hospital,28.6053767,77.0536459,,,
Injury Centre,28.6063225,77.0526152,,,
Saroj Medical Institute,28.7340712,77.1390604,,,
BR Healthcare Rohini,28.7443866,77.1196309,,,
Unnamed,28.4828162,77.0952619,,,
Verizon Hospital,28.4399865,77.0705,,,
Indian Cancer Institute,28.5483823,77.2419692,,,
Airport Health Organization,28.5445057,77.115956,+91 11 2565 2129,,
Ravi Nursing Home,28.6172493,77.0305823,,,
IndraGandhi ESI HOSPITAL,28.6665679,77.3110943,,,
Ambedkar Nagar Hospital,28.5223965,77.2383804,,Maharishi Valmiki Marg,
Banwari Lal Charitable Trust Diagnostic Centre,28.6420044,77.2042941,,,
Dr. Himani Yadav,28.4299657,77.0777145,,"Plot No 1287N Block H, Sector 57",yes
Kasturba Hospital,28.6485447,77.2385223,,,
Under Construction Hospital,28.6336658,77.061634,,,
parakh hospital,28.6930519,77.3394581,,,
Unnamed,28.4981571,77.1017103,,,
Apollo Fertility,28.5964346,77.0400311,,,
Metro Heart Institute,28.5973655,77.33789,,,
Metro Multi-speciality Hospital,28.5974786,77.3358702,,,
Chandralakshmi Hospital,28.6460547,77.340079,,,
Paras Hospital,28.6471942,77.3446415,,130 Sector 4,
Dr. Shroff Charity Eye Hospital,28.6459381,77.242051,,,
Medical Room,28.583431,77.1538641,,,yes
Tyagi Hospital,28.7187985,77.1681742,,,
Medanta,28.4635254,77.09453,,,
Dr Vipin Maheshwari,28.4317572,77.0723439,,"Artemis Hospital, Sector 51,",
SRG Speciality Hospital,28.6706849,77.1794945,,,
Malik Radix,28.6353257,77.2881381,,"C-217,218",
Shanti Nursing Home,28.6190345,77.2856275,,"A-37 Block A, Pandav Nagar",
Dr. Batra's Clinic,28.5288731,77.2557006,,37/977 DDA FLATS,no
Shanti Medical Centre,28.619157,77.2855408,,"Block A, Pandav Nagar",
Ariston Multispeciality Hospital,28.5379869,77.2482605,,,
Dr Sarita Jaiswal,28.6026654,77.3140801,,"Metro Station, Dharamshila Rd, near Ashok Nagar, Vasundhara Enclave",
PUSHPANJAL hospital,28.6803024,77.085012,,,
Sant Nirankari Health City (SNHC),28.7242334,77.2028697,,,
Infirmary,28.6414623,77.299997,,,
The Dental Solace,28.4287361,77.0863225,,1st floor Sector 57,
Nulife Multi Specialty Hospital,28.7008293,77.2086357,+911147005555,Banda Bahadur Marg,
Center For Sight,28.4262389,77.0592261,+91 11 4250 4250,"GF-22,23,24,25",
Unnamed,28.5683579,77.2171554,,,
Diabetes & Hormone Clinic,28.535271,77.294414,,"House number 211 Pocket J, Sarita Vihar",
Unnamed,28.5647216,77.2447463,,,
Pristyn Care Elantis,28.5650215,77.2477571,,,
T.R.U.E Hospitals,28.4353786,77.0716733,+91 92204 72227,,
Dr. Alokik Gupta,28.4328421,77.3157383,,"Sector 28,",
Dr. Alokik Gupta,28.4325179,77.3158024,,Sector 28,yes
Jayprakash Infotech,28.6094967,77.2116967,,B-202 sanjay Namr,
Dr. Ram Manohar Lohia Hospital,28.6260617,77.2007463,011-22344470;23404040;23365525;23404325,,
Neelkanth Hospital Pvt. Ltd,28.483357,77.107626,,,
Fortis Hospital,28.5192884,77.160342,,"Sector B1, Vasant Kunj Aruna Asif Ali Marg",yes
Moolchand Khairati Ram Hospital,28.5666901,77.2355355,+91 42000102,,yes
Bensups Hospital,28.5926773,77.0440717,,,
Sheetla Hospital And Eye Institute Private Ltd,28.4680581,77.0255218,,,
Batra Hospital,28.5139239,77.245588,,,
Nayati Sunder Lal Jain Hospital,28.6921368,77.1814937,47030900,,
"ESI Hospital, Rohini",28.7279282,77.1257748,27861033,,yes
Babu Jagjivan Ram Memorial Hospital,28.734498,77.172782,1127634636,Bhalswa Jahangirpuri,
Escorts Heart Institute,28.5600929,77.2737665,,,yes
Holy Family Hospital,28.5621873,77.2758221,,,
Northern Railway Hospital,28.6620693,77.2197946,9717631546,,
World Laparoscopy Hospital,28.4945604,77.0916752,,,
Shamsi Clinic,28.5303246,77.2140321,,,yes
MAX Hospital,28.5273506,77.2116849,,2 Press Enclave Marg,yes
Shree Balaji Action Medical Hospital,28.6739618,77.1105596,,,
Metro Hospital & Heart Institute,28.5973745,77.337885,,,yes
Sir Ganga Ram Hospital,28.6386014,77.189509,+91 11 3512 5600;+91 11 4225 4000,Sir Ganga Ram Hospital Marg,yes
Vimhans,28.5679787,77.251595,,,yes
Rao Tula Ram Memorial Hospital,28.5950616,76.9134857,1125318555,,yes
Bhagwan Mahavir Hospital,28.6886465,77.1179223,011 27034535,H-4/5 Guru Harkishan Marg,
Jivodaya Hospital,28.6924611,77.1723324,27253204,,
Sanjay Gandhi Memorial Hospital,28.6942391,77.0803838,,,
Unnamed,28.4065568,77.3179214,,,
Sarvodya Hospital,28.4029313,77.318225,,,
Vibal Hospital Private Limited - Faridabad,28.4193133,77.291159,,,
Columbia Asia Hospital,28.5091843,77.0413917,,Sector 23A Carterpuri Village,yes
"Civil Hospital, Sector 10, Gurugram",28.456161,76.9966194,+91-9050577548;+91-9868003478,Basai Road Sector 10,yes
Indian Spinal Injuries Centre,28.5324002,77.1420645,,,
Chaudhary Brahm Prakash Charak Sansthan,28.5722195,76.9361275,65152030,,no
Doctor B.L. Kapoor Memorial Hospital,28.6434628,77.1798663,+91-11-3040-3040,,yes
Unnamed,28.5970958,77.0235206,,,
Jyoti Memorial Charitable Hospital,28.6121748,76.9884181,,,
Unnamed,28.5777229,77.0483482,,,
JANAKPURI SUPER SPECIALITY HOSPITAL,28.6205706,77.0898999,1125508550,,
Maharaja Agarsain Hospital (Charitable),28.6916204,77.1647714,27129193,,
Unnamed,28.475062,77.0643217,,,
Dispensary,28.6108812,77.0743094,,,
ESI,28.6119495,77.0768248,,,
Jaipur Golden,28.6977272,77.1097813,27907000,,
Primus Super Specialty Hospital,28.5931317,77.1812336,011-66206620,,
Ramakrishna Mission T.B.Clinic and Medical Centre,28.6459024,77.1960357,,1 Arya Samaj Road,
Deen Dayal Upadhyaya Hospital,28.6280233,77.1123157,,,yes
Westend Hospital,28.6387806,77.0959392,,,
Unnamed,28.5325224,77.2385904,,,
Sardar Vallabh Bhai Patel Hospital,28.647023,77.1690532,25881201,,
Unnamed,28.6457857,77.2421267,9899287970,,
Acharya Shree Bhikshu Hospital,28.6622498,77.1403179,1125423011,,
Unnamed,28.4684934,77.0844412,,,
Unnamed,28.4501499,77.0822225,,,
Tibetan Medical and Astro Institute,28.5878284,77.2515018,,,no
Mayom Hospital,28.4579775,77.0636217,1244212500,,
Unnamed,28.41466,77.054382,,,
Shalby International Hospital,28.439411,77.1020584,,,
Unnamed,28.4268249,77.1103488,,,
Deep Chand Bandhu Government Hospital,28.6817121,77.1783405,011 2730 1374,,
Unnamed,28.6139885,77.2899867,,,
Max Healthcare,28.7277952,77.1526744,6642 2222,,
Dharamshila Hospital,28.6025681,77.3141397,011-22778788,,
Saket City Hospital,28.5274074,77.214229,011 4069 9999,,
Lal Bahadur Shastri Hospital,28.6186316,77.3136539,,,
Lal Bahadur Shastri Hospital,28.6178479,77.3114762,+91 11 2277 4145,,
Guru Nanak Eye Hospital,28.6383024,77.2322347,1123235145,,
Balak Ram Hospital,28.7052648,77.2252481,1123814204,,
Hindu Rao Hospital,28.6759294,77.2120112,,,
Maharishi Valmiki Disease Hospital,28.7043632,77.2031173,,,
Rajan Babu Tuberculosis Hospital,28.7018915,77.2006242,,,
Central Armed Police Forces Institute of Medical Sciences,28.4746541,77.2158554,,,
Unnamed,28.5886316,77.0373547,,,
Unnamed,28.5886581,77.0378567,,,
Guru Gobind Singh Hospital,28.6538651,77.1071505,011-25190375,,
Indiraj Hospital,28.8523257,77.0847787,,,
Mrs. Girdhar Lal Maternity Hospital,28.6433234,77.2245015,+91 11 2323 1649,,
Doctor Baba Saheb Ambedkar Hospital,28.7140081,77.113726,1127055585,,yes
Rajiv Gandhi Cancer Institute and Research Center,28.7163957,77.110907,,,
Max Hospital,28.4613357,77.0747048,,,yes
"Sparsh Hospital, Faridabad",28.4449747,77.3186068,,,
Artemis Health Institute,28.4311541,77.0721527,,,
Government Dispensary,28.6098281,77.3377451,,,
Cloudnine Fertility Hospital,28.427426,77.0573543,,"MSJ House, Plot No. A-2 Mayfield Gardens, Sector 47",
Unnamed,28.5341882,77.1524954,,,
Eye Mantra Hospital,28.67869,77.0985133,,"A1/10 Ground floor, Paschim Vihar West M. Pillar 262, Rohtak Road",
Gupta Ultrasound & Heart Care Centre,28.6712469,77.1123782,,,
Mantra Care,28.6786838,77.0986145,,"A1/10 First floor, Paschim Vihar West M. Pillar 262, Rohtak Road, Delhi",
Unnamed,28.509567,77.0450773,,,
Dhanvantari Ayurvedic Hospital,28.6706874,77.1255169,,,
C.G.H.S. Maternity & Gynae Hospital,28.5655017,77.1768786,011-26174490,,
Asian Institute of Medical Science,28.426038,77.2998348,,,
Unnamed,28.6214973,77.0816736,,,
Fortis Hospital,28.709266,77.1702072,45302222,,
The Leprosy Mission Community Hospital,28.6914576,77.3177567,,,
Unnamed,28.666886,77.3115102,,,
Pushpanjali Medical Centre,28.6540075,77.3090007,223728,,
Shanti Mukund Hospital,28.6457448,77.3017216,47276600,,
Holistic Skin Care,28.5192765,77.214379,,"J-95 1st Floor, Saket",
Sawan Neelu Angel's Multispeciality Hospital,28.5221035,77.2151007,011 4319 1300,,
Unnamed,28.6186223,77.0781119,,,
sai nursing home,28.6132251,77.3232862,,"D-8 main market , opposite of state bank of india  ,old kondli",
Shankar Hospital,28.6281049,77.0725858,,,
"Government Maternity Hospital, Laxmi Nagar",28.635087,77.2781102,1122041360,,
Delhi Cantonment General Hospital,28.5985673,77.1249399,+91 1800 11 5300,,
AB Hospitals,28.4685263,77.0518756,,"87, IDC Sector 16, Mehrauli Gurgaon Road",no
Chaudhary Eye Centre,28.6420359,77.2436745,+91 97 17 896104,"4802/24, Bharat Ram Road Ansari Road",
Pt. Madan Mohan Malviya Hospital,28.5355481,77.2138956,1126689999,,yes
RBS Hospital,28.4929015,77.0973756,,,no
Safdarjung Hospital,28.5672495,77.2050872,+91 011 2616 5060,,
Unnamed,28.5677392,77.2008859,,,
Saint Stephen's Hospital,28.6659998,77.2139404,+91 11 2396 6021;+91 11 2396 6022;+91 11 2396 6023;+91 11 2396 6024;+91 11 2396 6025;+91 11 2396 6026;+91 11 2396 6027;+91 11 2397 7930;+91 11 2395 7977;+91 11 2398 3573;+91 11 2398 3580;+91 11 2398 2978;+91 11 2395 8005,,
Unnamed,28.5831981,77.1505283,,Subroto Park,
Army Research and Referral Hospital,28.5835657,77.1570762,,,
Station Medicare Centre,28.579391,77.122665,,Maude Road,yes
Station Medicare Center,28.5768166,77.0922286,,New Pinto Park,
Unnamed,28.433746,77.0068754,,,
Unnamed,28.4341054,77.0067576,,,
Unnamed,28.529941,77.3209499,,,
Triton Hospital,28.547281,77.2547179,,C-30:C-31,
Madhukar Rainbow Children's Hospital,28.5293079,77.2047222,,,yes
MCD Dispensary,28.7365863,77.1977941,,Shanti Swaroop Tyagi Marg,no
Unnamed,28.4184453,77.0975184,,,
Primary Health Centre,28.5914695,77.0817881,,,
Jeevan Anmol Hospital,28.6057953,77.295473,+91-11-2275-0380;+91-11-2279-5237;+91-85276-77688,,
Madhav Nursing Home,28.6991412,76.9929839,+91 99108 53444,"LANE NO. 1 GREEN VALLY,MADHAV MARG, GHEVRA MOD , GHEVRA",
Walia Nursing Home,28.6330306,77.2807284,011-22542294,,
Garg Hospital,28.6531557,77.2949431,4327 4444,,
Parivar Seva Clinic,28.6521672,77.2946143,22375975,,
Surya hospital,28.6630132,77.2858059,2200 2364,,
Shri Ram Singh Hospital,28.6605443,77.2875908,22003244,,
MCW Defence Colony,28.5676699,77.2340119,,,
Dr. Swati Srivastava | Gynecologist in Delhi,28.529182,77.2137594,,25A Hauz Rani Road,yes
Max Superspeciality Hospital,28.6333025,77.309241,+91 11 4303 3333,108-A,yes
Maharaja Agrasen Hospital,28.5937066,77.0784742,,Sector 1 Dwarka,
Anandam Psychiatry Center,28.6637995,77.141665,,,
Galaxy Hospital,28.6529838,77.2949809,,,
Gopal Nursing Home,28.6908756,77.2915009,,,
Makkar Multispeciality Hospital,28.641072,77.2824092,,,
Unnamed,28.7270354,77.142872,,,
Rajiv Gandhi Super Speciality Hospital,28.6897226,77.3165616,1165252480,Rajiv Gandhi Super Speciality Hospital Tahirpur Road,
Delhi State Cancer Institute,28.6865811,77.3088412,+91-11-2213 5700,"8, Delhi State Cancer Institue East Nathu Colony, GTB Enclave",
HOD Green Park - House Of Diagnostics,28.5604747,77.2074813,,50/4-6 Yusuf Sarai Market Aurobindo Marg,no
Sanjeevni Hospital,28.5442258,77.2953129,,,
SITE BOUNDARY,28.5767769,77.0675661,,,
Munshi Shiv Charan Sadar Lions Hospital,28.7285988,77.1671261,,,
Sant Nirankari Health City (SNHC),28.7238117,77.202386,,,
DGD Surajmal Vihar,28.6588834,77.3060133,,,
Unnamed,28.6557829,77.0161632,,,
Nazar Kanwar Surana Hospital,28.675348,77.1908489,,,
Unnamed,28.5725403,77.3407693,,,
Metro Hospital & Heart Institute,28.518172,77.0389853,,,yes
Unnamed,28.4797485,77.0749497,,,
Unnamed,28.6346631,77.3329568,,,
Unnamed,28.7059596,77.1292653,,,
Burari Hospital,28.7615623,77.19016,,,
Palika Maternity Hospital,28.5838587,77.221808,011- 2465 4902,,
Unnamed,28.7417169,77.162104,,,
Kailash Deepak Hospital,28.6450481,77.3013758,,,
Metro Hospital and Cancer Institute,28.6384082,77.2948997,,,
SGT Medical College Hospital & Research Institute,28.4778041,76.9034748,,,
Sant Parmanand Hospital,28.6632045,77.2378123,,,
Sant Soham Hospital,28.7355881,77.112955,,,
SCI International Hospital,28.5498867,77.2340237,,,
Lajpat Nagar Colony Hospital,28.5691726,77.2447884,,,
Shri Dada Dev Matri Avum Shishu Chikitsalaya,28.6098487,77.0822906,,Dabri Village Dabri Palam Road,
Central Government Health Scheme Wellness Centre,28.5909316,77.1198971,,,
Birla Fertility & IVF,28.6677029,77.1319812,,57 Road Number 41,yes
Minimal Access Smart Surgery Hospital,28.5467781,77.2495543,,,
New Outpatient Department
Complex,28.6107764,77.129287,,,
Unnamed,28.5715245,77.2285303,,,
MCW Hauz Khas,28.5432302,77.2032121,,,
Medeor Hospital,28.5964097,77.0455121,,,
Indira Gandhi Hospital,28.57988,77.0620042,,,
Swami Dayanand Hospital,28.6791534,77.3035364,,,yes
Viswanathan Chest Hospital,28.6906989,77.2096817,,,
ESIC Hospital,28.6856828,77.3467537,,,
Sant Parmanand Hospital,28.6777185,77.2242462,,,
Vacant Plot for Hospital C-Block,28.6248245,77.142658,,,
Unnamed,28.5762661,77.3378924,,,
Unnamed,28.6031508,77.3241897,,,
ESIC Dispensary-cum-Diagnostic Center,28.6053495,77.2956806,,,
Dharmarth Hospital,28.7220368,77.1756459,,E-10 Dairy Road Adarsh Nagar,
CK Birla Hospital Gurgaon,28.4236654,77.0615586,+91 124 457 0112,Block J Nirvana Central Road,yes