name,address,latitude,longitude,phone
"Fortis Hospital, Shalimar Bagh","AA-299, Shaheed Udham Singh Marg, AA Block, Shalimar Bagh",28.709377099999998,77.1704486,+91 84483 39575
Saroj Super Speciality Hospital,"Sector-14 Extension, near Madhuban Chowk, Rohini",28.705946199999996,77.12892169999999,+91 11 4790 3333
NKS Super Speciality Hospital,"Sanjay Nagar, Gulabi Bagh, Delhi",28.6753963,77.1911781,+91 11 3506 6666
BLK-Max Super Speciality Hospital,"Pusa Rd, Radha Soami Satsang, Rajinder Nagar, New Delhi",28.6435455,77.17957679999999,+91 11 3040 3040
St. Stephen's Hospital,"Railway Colony, Tis Hazari, New Delhi",28.6660794,77.2141223,+91 11 2396 6021
"Max Super Speciality Hospital, Shalimar Bagh","FC 50, C and D Block, Shalimar Place Site",28.727664,77.152599,+91 11 6642 2222
Vinayak Hospital,"Derawal Nagar, Gujranwala Town, New Delhi",28.6986231,77.1870393,+91 99904 55555
Jeewan Mala Hospital,"67/1 New Rohtak Road, Guru Gobind Singh Marg, Karol Bagh",28.657966599999995,77.1942862,+91 11 4777 4151
Sir Ganga Ram Hospital,"Old Rajinder Nagar, Rajinder Nagar, New Delhi",28.6384582,77.1895559,+91 11 4225 4000
Bansal Global Hospital,"C-10, Ramgarh, Bhalswa Jahangirpuri, Delhi",28.7274042,77.1626864,+91 11 2763 6400
"Max Super Speciality Hospital, Saket","1&2, Press Enclave Marg, Saket Institutional Area, New Delhi",28.527548999999997,77.2119946,+91 11 2651 5050
Indraprastha Apollo Hospital,"NH-19, Jasola Vihar, New Delhi",28.5406218,77.28309569999999,+91 80 6904 9768
"Max Multi Speciality Centre, Panchsheel Park","N 110, Block N, Panchsheel Park North",28.5434353,77.2144746,+91 11 4609 7200
Moolchand Hospital,"near Lajpat Nagar Metro Station, Block M, Lajpat Nagar III",28.566167,77.235388,+91 11 4200 0000
Dr Sunder Lal Memorial Hospital,"C-201, Devli Road, Jawahar Park, Khanpur, New Delhi",28.506293,77.231685,+91 88267 56926
"Aakash Hospital, Malviya Nagar","90/43, Malviya Nagar Rd, Malviya Nagar, New Delhi",28.5350398,77.2148233,+91 11 4050 1000
VMMC & Safdarjung Hospital,"Ansari Nagar East, near AIIMS Metro Station",28.568037,77.2058467,+91 11 2616 5060
SCI International Hospital,"4, Greater Kailash-1, M Block, New Delhi",28.549893299999997,77.23413029999999,+91 99994 46622
Batra Hospital & Medical Research Centre,"1, Mehrauli-Badarpur Rd, near Saket Metro Station",28.5136616,77.245724,+91 11 2995 8747
Sukhmani Hospital,"126A, opp Rajasthan Vidyut niwas, Safdarjung Enclave",28.559808999999998,77.2005106,+91 92892 60077
Park Hospital,"Meera Enclave Outer Ring Road, Vishnu Garden, New Delhi",28.651781999999997,77.093166,+91 124 674 6075
Aakash Healthcare Super Speciality Hospital,"Road No. 201, Dwarka Sector-3, New Delhi",28.60522,77.05345109999999,+91 11 4338 8888
B.M. Gupta Hospital,"15/21, H8, Arya Samaj Rd, Vijay Vihar, Uttam Nagar",28.619423200000004,77.0612408,+91 11 4715 7777
Sehgal Neo Hospital,"B-362-364, Outer Ring Rd, Meera Bagh, Paschim Vihar",28.658151600000004,77.0915255,+91 11 4556 5656
Satyabhama Hospital,"RZ-10, Naresh Park, Najafgarh Road, Nangloi",28.676944,77.0633786,+91 97117 33339
Venkateshwar Super Speciality Hospital Dwarka,"Sector 12 Rd, Sector 18A Dwarka, New Delhi",28.5885973,77.0380428,+91 11 4855 5555
Kalra Hospitals,"Tulsi Dass Kalra Marg, Block A, Indira Colony, Kirti Nagar",28.655201700000003,77.13855099999999,+91 11 4500 5700
Kailash Deepak Hospital,"5, Vikas Marg, Institutional Area, Anand Vihar",28.6449601,77.30118809999999,+91 11 3535 3535
East Delhi Medical Centre,"1/550, Grand Trunk Rd, East Ram Nagar, Shahdara",28.6761226,77.2965463,+91 94104 51045
Malik Radix Healthcare,C-217/218 near Nirman Vihar Metro Station,28.6354616,77.2882005,+91 11 4706 0150
"Surya Hospital, Krishna Nagar","383/11-C, East Azad Nagar, East Krishna Nagar",28.662908799999997,77.2858163,+91 72176 07103
Garg Hospital,"8-9, opposite Karkardooma Court, Arjun Gali, Anand Vihar",28.6531846,77.2948802,+91 11 4515 2556
Pushpanjali Medical Centre,"Metro station, A14/15, Vikas Marg, Karkardooma",28.654134899999995,77.3092488,+91 11 4307 5600
Ramlal Kundanlal Multi Speciality Hospital,"Plot No.8, Pandav Nagar Road, Block D",28.6180931,77.2868119,+91 11 4318 9000
Apex Citi Hospital,"D-440, Hanuman Road, D-Block, Mandawali, New Delhi",28.6266681,77.3020386,+91 11 2247 2111
Metro Hospital & Cancer Institute,"21, Community Center, C Block, Preet Vihar",28.638362299999997,77.2949254,+91 11 4928 6666
Ishan Hospital,"Pocket-8B, Dr MC Davar Marg, Sector 19, Rohini",28.7334207,77.1395472,+91 92125 17399
Santom Hospital Rohini Sector 24,"Pocket 10, Sector 24, Rohini",28.7319179,77.0857292,+91 98210 50061
Shree Aggarsain International Hospital,"Pocket 5, Sector 22, Rohini",28.71895,77.0649158,+91 11 6663 6600
Jaipur Golden Hospital,"Street Number 2, Sector 3, Rohini",28.697727,77.1093369,+91 11 6140 6300
B.R. Healthcare Rohini,"Plot No. 13, Bawana Rd, Sector 17, Rohini",28.7443851,77.1194112,+91 92056 66381
"Santom Hospital, Prashant Vihar","D, 5-6, Outer Ring Rd, Prashant Vihar, Sector 14, Rohini",28.7140203,77.1384699,+91 92897 72788
Dharamveer Solanki Hospital,"100 Feet Road, Lakhi Ram Park, Sector 22, Rohini",28.7141655,77.0589263,+91 98111 88128
Hitaishi Hospital,"Pradeep Bhatia Marg, Pocket 15, Sector 8, Rohini",28.7054236,77.1225281,+91 96437 14010
NeoNest Hospital,"A-1/3, Prashant Vihar, Sector 14, Rohini",28.7108484,77.1367326,+91 78400 47264
"Medis Hospital, Shahdara","A-56, Oldanpur, Jyoti Colony, Shahdara",28.6866621,77.290921,+91 88001 71414
CM Patel Hospital,"Main 100 Feet Rd, West Jyoti Nagar, Shahdara",28.689104,77.2884999,+91 98108 69200
Panchsheel Hospital,"Yamuna Vihar, opp Gokulpuri police station, Shahdara",28.7017126,77.2799691,+91 11 4354 1234
Guru Teg Bahadur Hospital,"GTB Enclave, Dilshad Garden",28.6839467,77.3093745,+91 11 2258 6262
Dr. Roshan Lal Hospital,"L-1, Navin Shahdara, Shahdara",28.6761493,77.2844544,+91 98103 23336
Karuna Hospital,"D-62, Pocket E, Dilshad Colony, Dilshad Garden",28.6891573,77.3233199,+91 11 7962 0024
Dr. Chaudhry's Moral Hospital,"C-1/2A, Yamuna Vihar Rd, Shahdara",28.7023412,77.2723991,+91 98101 10866
Shanti Nursing Home,"E-1, P Block, Panchsheel Garden, Navin Shahdara",28.6780754,77.2825289,+91 99993 53978
Rajiv Gandhi Super Speciality Hospital,"Rd No 69, Taharpur, Dilshad Garden",28.6892332,77.3164681,
Dr. Ram Manohar Lohia Hospital,"Baba Kharak Singh Rd, Connaught Place",28.625857,77.202697,+91 11 2340 4040
Lok Nayak Hospital,"Metro Station Delhi Gate, Jawaharlal Nehru Marg",28.6388746,77.2382208,
Deen Dayal Upadhyay Hospital,"Shaheed Mangal Pandey Marg, Hari Nagar",28.628017,77.1122963,
Govind Ballabh Pant Hospital,"1, Jawaharlal Nehru Marg, 64 Khamba",28.6392886,77.2344969,
Dr. Baba Saheb Ambedkar Hospital,"Metro Station-Rithala, Sector 6, Rohini",28.7132498,77.114264,+91 11 2705 8105
Acharya Shree Bhikshu Hospital,"Moti Nagar Rd, Moti Nagar",28.6622049,77.1403427,+91 11 2542 3514
Charak Palika Hospital,"C7 Ln, Moti Bagh 1, Block F, Moti Bagh",28.5852337,77.176929,+91 11 2611 7879
Sardar Vallabh Bhai Patel Hospital,"East Patel Nagar, Patel Nagar",28.6470299,77.1689551,+91 11 2588 5944
Primus Super Speciality Hospital,"2, Chandragupta Marg, Chanakyapuri",28.5929448,77.1812159,+91 11 6620 6630